{
    "features.3": {
        "Pruned Info": {
            "pruned_dim0_count": 152,
            "pruned_dim1_count": 38,
            "pruned_dim0_sample": [
                2,
                2,
                2,
                2,
                7
            ],
            "pruned_dim1_sample": [
                2,
                7,
                11,
                14,
                20
            ]
        },
        "Unpruned Info": {
            "unpruned_dim0_count": 154,
            "unpruned_dim1_count": 64,
            "unpruned_dim0_sample": [
                0,
                1,
                3,
                4,
                5
            ],
            "unpruned_dim1_sample": [
                0,
                1,
                2,
                3,
                4
            ]
        },
        "Num Pruned Channels": [
            152,
            38
        ],
        "Num Unpruned Channels": [
            154,
            64
        ],
        "Pruned Weights Sample": [
            [
                [
                    [
                        -0.014969120733439922,
                        0.02056492120027542,
                        -0.010678532533347607,
                        -5.3349976951722056e-05,
                        -0.008667564950883389
                    ],
                    [
                        0.014856346882879734,
                        -0.001227752072736621,
                        -0.0004975677584297955,
                        -0.01830087974667549,
                        0.023601341992616653
                    ],
                    [
                        0.02530771680176258,
                        0.016409339383244514,
                        0.0015985450008884072,
                        -0.024013997986912727,
                        0.016495302319526672
                    ],
                    [
                        0.015257595106959343,
                        -0.016621656715869904,
                        0.0034246749710291624,
                        0.002741725416854024,
                        0.007116156164556742
                    ],
                    [
                        -0.010233219712972641,
                        -0.007134760729968548,
                        0.0042352499440312386,
                        -0.007443449459969997,
                        0.014307291246950626
                    ]
                ]
            ]
        ],
        "Unpruned Weights Sample": [
            [
                [
                    [
                        0.01339318510144949,
                        -0.021050484851002693,
                        0.013593511655926704,
                        -0.010444922372698784,
                        -0.009987272322177887
                    ],
                    [
                        0.0028444898780435324,
                        -0.01894989237189293,
                        0.008778917603194714,
                        0.023000385612249374,
                        0.0086038364097476
                    ],
                    [
                        -0.014262693002820015,
                        0.0039912075735628605,
                        -0.0032672137022018433,
                        0.019899316132068634,
                        -0.023160910233855247
                    ],
                    [
                        0.02271963097155094,
                        -0.020704424008727074,
                        -0.01549466885626316,
                        0.014898495748639107,
                        0.012553591281175613
                    ],
                    [
                        -0.004423018544912338,
                        0.00748177245259285,
                        0.02043222263455391,
                        0.012190308421850204,
                        -0.01575353741645813
                    ]
                ]
            ]
        ]
    },
    "features.6": {
        "Pruned Info": {
            "pruned_dim0_count": 228,
            "pruned_dim1_count": 76,
            "pruned_dim0_sample": [
                0,
                0,
                0,
                3,
                3
            ],
            "pruned_dim1_sample": [
                0,
                3,
                11,
                16,
                22
            ]
        },
        "Unpruned Info": {
            "unpruned_dim0_count": 308,
            "unpruned_dim1_count": 192,
            "unpruned_dim0_sample": [
                1,
                2,
                4,
                5,
                6
            ],
            "unpruned_dim1_sample": [
                0,
                1,
                2,
                3,
                4
            ]
        },
        "Num Pruned Channels": [
            228,
            76
        ],
        "Num Unpruned Channels": [
            308,
            192
        ],
        "Pruned Weights Sample": [
            [
                [
                    [
                        -0.011222855187952518,
                        0.013324329629540443,
                        0.007144726347178221
                    ],
                    [
                        0.020761899650096893,
                        0.01458684727549553,
                        0.0057127149775624275
                    ],
                    [
                        -0.004747146740555763,
                        0.003275218652561307,
                        0.004185627214610577
                    ]
                ]
            ]
        ],
        "Unpruned Weights Sample": [
            [
                [
                    [
                        -0.006727487780153751,
                        0.023773033171892166,
                        0.0014920142712071538
                    ],
                    [
                        0.023116258904337883,
                        -0.0011191904777660966,
                        -0.010965509340167046
                    ],
                    [
                        -0.007705620490014553,
                        -0.00771225756034255,
                        0.017968684434890747
                    ]
                ]
            ]
        ]
    },
    "features.8": {
        "Pruned Info": {
            "pruned_dim0_count": 153,
            "pruned_dim1_count": 51,
            "pruned_dim0_sample": [
                9,
                9,
                9,
                21,
                21
            ],
            "pruned_dim1_sample": [
                9,
                21,
                35,
                37,
                42
            ]
        },
        "Unpruned Info": {
            "unpruned_dim0_count": 205,
            "unpruned_dim1_count": 384,
            "unpruned_dim0_sample": [
                0,
                1,
                2,
                3,
                4
            ],
            "unpruned_dim1_sample": [
                0,
                1,
                2,
                3,
                4
            ]
        },
        "Num Pruned Channels": [
            153,
            51
        ],
        "Num Unpruned Channels": [
            205,
            384
        ],
        "Pruned Weights Sample": [
            [
                [
                    [
                        0.014494881965219975,
                        0.0058553568087518215,
                        -0.011847994290292263
                    ],
                    [
                        0.004872840363532305,
                        0.005385504104197025,
                        0.0015794618520885706
                    ],
                    [
                        0.01342530082911253,
                        0.0085409265011549,
                        0.003515625838190317
                    ]
                ]
            ]
        ],